label,mean_abs,std_dev,peak_to_peak,kurtosis_data
0,0.058332421875000005,0.07347493104305192,0.8400000000000001,0.6287626426442556
0,0.058996630859374996,0.07533812128951384,0.757,0.6482910813108558
0,0.06023896484375,0.0761892927992494,0.903,0.5134753088232071
0,0.061453271484375,0.07869075089989153,1.184,1.157952723004808
0,0.061360986328125,0.07843746411081838,0.782,0.6031769286310373
0,0.061668505859375,0.07829782000144782,0.8049999999999999,0.4560936214628657
0,0.061943945312500005,0.07861603186545633,0.796,0.4786149756059883
0,0.061231347656250004,0.07774646967579023,0.749,0.4719824550317826
0,0.06228134765625,0.07900619543360511,0.747,0.404514320897305
0,0.059892822265625,0.07568852631669241,0.722,0.32520331504832
0,0.062369384765625015,0.07922086801763584,0.815,0.4552119318712826
0,0.06083764648437501,0.07762333368719734,0.913,0.6415150749455005
0,0.061091308593750004,0.07736575740151559,0.778,0.3647260382142652
0,0.06260361328125,0.07985799357629145,0.852,0.5982531546782233
0,0.062341455078125,0.07918146190235564,0.8049999999999999,0.5511103583412886
0,0.06163056640625,0.07864707093207793,0.725,0.5530516614826197
0,0.06188349609375001,0.07842744893849181,0.8200000000000001,0.47996609907349486
0,0.061244482421875,0.07760498435587541,0.849,0.4477488811593342
0,0.06147446289062499,0.07777670281156139,0.761,0.34144531637324205
0,0.061842382812500006,0.07890076758853798,0.874,0.5964296522845243
0,0.062211376953124994,0.07901527413866453,0.8029999999999999,0.5063801110635779
0,0.062623291015625,0.07934267114626233,0.742,0.38440684339994036
0,0.062512646484375,0.07946629829958578,0.6859999999999999,0.4149724425540562
0,0.06260395507812501,0.07972131548057863,0.759,0.5200740317916859
0,0.06244741210937501,0.07935676530457542,0.85,0.4846810415588352
0,0.061328759765625,0.07756141544378374,0.7130000000000001,0.3099755507638151
0,0.06144902343750001,0.07772622576182905,0.732,0.36804211992333746
0,0.0612880859375,0.0774813044446991,0.769,0.40420833824649316
0,0.06190380859375,0.07824409152481353,0.735,0.34199171275367135
0,0.06188974609375001,0.07882328465921586,0.871,0.5350200636292444
0,0.06172607421875,0.0785494350087652,0.803,0.4890447103350155
0,0.063207958984375,0.08021030375043676,0.774,0.4867117699711172
0,0.060691357421875015,0.07739824509206791,0.732,0.5086729705515918
0,0.06227343750000001,0.07899110019602928,0.74,0.40449241574751404
0,0.0615251953125,0.07822305672439377,0.6619999999999999,0.40668092875128137
0,0.061505615234375,0.07810817348945709,0.71,0.4218788787843972
0,0.060628320312500004,0.07683498673524616,0.76,0.40962780617356787
0,0.062685400390625,0.07984444085763252,0.8089999999999999,0.5706517890996228
0,0.06121889648437499,0.07739473796891001,0.734,0.35696928410462325
0,0.061414404296875,0.07843592197972266,0.896,0.6561008820895786
0,0.0615775390625,0.07855648477783131,0.725,0.5058926832599493
0,0.061915576171875,0.0786407433781452,0.747,0.45311400755295494
0,0.061147216796875,0.07760924722037751,0.779,0.43076402223267607
0,0.0614578125,0.07818452198751644,0.749,0.488396336752809
0,0.061381689453125,0.07807192688424783,0.913,0.5367816627512911
0,0.060115380859375,0.07646238946336069,0.705,0.45767000589970763
0,0.062267724609375,0.07888778445886611,0.6890000000000001,0.3564760255027606
0,0.060795263671875,0.07729310252096656,0.752,0.49828610176171706
0,0.061783984375,0.07821656732108538,0.764,0.32975824899322603
0,0.060625,0.0769404413543266,0.771,0.4243128403754697
0,0.061513964843750005,0.0784566088423693,0.792,0.5533985473990728
0,0.061633935546875,0.07851550116945437,0.8300000000000001,0.5791138307510244
0,0.06239111328125,0.07935929787647265,0.9930000000000001,0.6276825132083981
0,0.060578906249999995,0.07688593782324185,0.738,0.3985078570542333
0,0.06034692382812501,0.0766034706411227,0.793,0.42524278547334715
0,0.061459423828125005,0.07831092036327802,0.7909999999999999,0.613387552300388
0,0.060919775390625,0.07734228926780076,0.813,0.4843217611881623
0,0.06096416015624999,0.07739667641153741,0.835,0.44941512079219237
0,0.06019912109375001,0.07596992815109205,0.694,0.2985831400319756
0,0.061614990234375,0.0781090853466685,0.737,0.3479309532451049
0,0.06209091796874999,0.07864043941895045,0.7789999999999999,0.41299062915361917
0,0.060782714843749995,0.07709218438354404,0.669,0.3950734414213919
0,0.06226416015624999,0.07926025001588238,0.777,0.47239362493033044
0,0.060654931640625,0.07691473137716869,0.7689999999999999,0.3944622448109758
0,0.060836083984375,0.07717660830160832,0.774,0.37800827777844237
0,0.060680615234375,0.07697548805816472,0.752,0.43648657223523335
0,0.060812451171875004,0.07742266494287933,0.8420000000000001,0.4911372191123604
0,0.060510986328124995,0.0766164975079725,0.7130000000000001,0.34600497216470494
0,0.060512841796874994,0.07693101411986752,0.755,0.4469901117158317
0,0.06074648437500001,0.07728708668930986,0.825,0.4880416166718633
0,0.059399853515625003,0.07572478230967107,0.861,0.5881648615563311
0,0.06052802734375,0.07666611091522911,0.74,0.3623983965568214
0,0.060770068359375005,0.07736800711452542,0.8029999999999999,0.5401611783934817
0,0.061740966796875,0.07793970891358244,0.781,0.3260740035745182
0,0.06189384765625,0.07879662162435938,0.769,0.3948251135159331
0,0.061242285156250006,0.07753322072782182,0.7250000000000001,0.34016117779744404
0,0.060409228515625,0.0768620850433046,0.694,0.44613462626943257
0,0.061592333984375004,0.07822026971915784,0.854,0.4445772787585356
0,0.060021533203125,0.076706570747191,0.808,0.6543006059840124
0,0.060835693359375,0.07737065656039942,0.786,0.38635508272233343
0,0.060486035156250006,0.07695148303664459,0.71,0.44905515943385454
0,0.05913115234375001,0.07479142203837336,0.706,0.30274620550562537
0,0.060680371093750005,0.07730518236640493,0.904,0.58162761268939
0,0.06073251953125001,0.0767718692892115,0.716,0.31943993758112743
0,0.06110258789062502,0.07770301804785824,0.754,0.43935923864966187
0,0.060746923828125,0.07733765888729578,0.781,0.5730646490077822
0,0.06091245117187501,0.07684285540653787,0.755,0.26313045713724614
0,0.058880419921875,0.07489928008879172,0.718,0.44095646881747097
0,0.06084023437500001,0.0776150336067212,0.872,0.6069125322892983
0,0.061193359375,0.07776034071566805,0.721,0.42031091089811445
0,0.06205590820312501,0.07854299264982698,0.771,0.3801399430969199
0,0.06005683593750001,0.07594613449074082,0.732,0.3464396355508277
0,0.06057661132812501,0.07668904663489619,0.718,0.358155992917113
0,0.0593591796875,0.07501633557018661,0.767,0.3535492935283626
0,0.06148251953125,0.07822606699390491,0.755,0.5428820813815229
0,0.06067919921875,0.07743030001138924,0.764,0.5008486498061995
0,0.061474560546875,0.07829629476519134,0.845,0.5366345309682168
0,0.060369140625000005,0.07652371351325286,0.8029999999999999,0.3892193620919868
0,0.06107197265625001,0.0776539195149843,0.759,0.45086148262336545
0,0.05984189453125001,0.07569132158473815,0.774,0.39253390254036225
0,0.061092041015625,0.0779258334891341,0.749,0.5248632368505843
0,0.06035493164062501,0.07655343633445863,0.75,0.4165630099460307
0,0.06017919921874999,0.07637900854794992,0.867,0.4453741256774362
0,0.06026245117187501,0.07660424736225324,0.7010000000000001,0.4007797505176063
0,0.06067714843750001,0.0772601424092203,0.833,0.5316575196159739
0,0.061193310546875004,0.07761026090357093,0.7889999999999999,0.4422063380916783
0,0.060404492187500006,0.07680829639898158,0.8029999999999999,0.43609996973448073
0,0.059834130859375,0.07604144332532264,0.786,0.4773209140232173
0,0.059873095703125004,0.0760203773412639,0.708,0.44794546568858795
0,0.06104184570312501,0.07733958012969694,0.745,0.418356203515617
0,0.060097900390625014,0.07647438708791138,0.6950000000000001,0.47653814406220185
0,0.06013740234375,0.07626393747486522,0.718,0.387836383529768
0,0.061294384765625,0.0779639045172761,0.766,0.4254419235589375
0,0.059829248046875005,0.07603626725856104,0.782,0.4506324194814031
0,0.06034975585937501,0.07678033455909639,0.726,0.4783552562370219
0,0.0594951171875,0.07548887260011546,0.7569999999999999,0.39842733314306056
0,0.06227158203125001,0.07893320627478842,0.896,0.5276336298870357
0,0.060693359375,0.07720121432298076,0.766,0.48623241964420094
0,0.061147070312499996,0.07772789904953778,0.776,0.5105274416299461
0,0.06067783203125001,0.07726495728799573,0.825,0.6148985783371206
0,0.06058916015625,0.07666411801261451,0.832,0.4040831221348422
0,0.06125405273437501,0.07809946968492934,0.788,0.5378888733945129
0,0.061405859375,0.0778033027084582,0.798,0.40024557667388017
0,0.062207568359375,0.07916833869305943,0.74,0.45079434863515155
0,0.0603421875,0.07637200647852678,0.708,0.3466352920025497
0,0.060595703125,0.07709862999292606,0.784,0.44450532856110847
0,0.060213037109375,0.07616066037723133,0.752,0.33801379859629943
0,0.059976318359375,0.07631986587115701,0.73,0.47145812634496664
0,0.060206591796875,0.07633001267470356,0.72,0.3800510420069867
0,0.05925800781249999,0.07495282172648467,0.6839999999999999,0.3385783303104972
0,0.060104345703125006,0.07595488505746131,0.662,0.24450732740910164
0,0.05988364257812501,0.07634582203722166,0.884,0.6446447698043443
0,0.060052490234375,0.07614566658147008,0.711,0.34681160295797664
0,0.060548242187500004,0.07671784801069455,0.757,0.4102122577509011
0,0.061009326171875,0.07773648715807786,0.7929999999999999,0.5009742049448347
0,0.06148720703125001,0.07826863791312964,0.752,0.5043214057082972
0,0.061328515625,0.07768923353990882,0.767,0.36575096348616176
0,0.060148974609375,0.07646021146629738,0.71,0.414344141995989
0,0.061196533203125,0.07777577431787479,0.827,0.6014461458186253
0,0.059392431640625,0.07519706579186627,0.6559999999999999,0.30698502024014074
0,0.06043715820312501,0.0767530013997796,0.698,0.41097110395467995
0,0.060983251953125,0.07738122314840569,0.825,0.5054325389849681
0,0.06026875,0.07656727848982116,0.915,0.6014717502352931
0,0.06063632812500001,0.07675272619891595,0.679,0.28597461341432506
0,0.0598400390625,0.07587837229944051,0.751,0.37370992394610836
0,0.05975629882812501,0.07586668476711636,0.7809999999999999,0.5015377766649429
0,0.06006386718750001,0.07604416368123817,0.725,0.31566591755670315
0,0.0596734375,0.07557396193664329,0.8180000000000001,0.41613074153885377
0,0.059917236328125,0.07619034319695998,0.681,0.44214869250180344
0,0.060454345703125,0.07677978413331095,0.735,0.38489171953619294
0,0.05907358398437499,0.07514392636767131,0.7450000000000001,0.4884129775588759
0,0.061993652343750004,0.07890910375837852,0.913,0.530290575512856
0,0.06044736328125,0.07689229275459664,0.757,0.47765998914584573
0,0.06025131835937501,0.07644797579539568,0.742,0.4558731292846363
0,0.060385205078125004,0.07647612404907565,0.662,0.2582723095291377
0,0.061078271484375,0.07737615456144943,0.725,0.37563304390008767
0,0.06137294921875001,0.07845962608456153,0.877,0.6057349862672048
0,0.062010205078125005,0.07901711701244041,0.813,0.5919121753524377
0,0.0604716796875,0.07667042799410381,0.7030000000000001,0.3698641949707917
0,0.060983984375,0.07728679415519168,0.786,0.37357319475457196
0,0.060281494140625,0.07648046800168884,0.6739999999999999,0.34310003047300874
0,0.061896533203125007,0.07849631151655961,0.756,0.42456212283226824
0,0.0604455078125,0.07692072929692957,0.7769999999999999,0.5118109145356007
0,0.060856201171875,0.0773412657446424,0.81,0.528245856584737
0,0.06001259765625,0.07614734279532555,0.666,0.32545433705002935
0,0.06126215820312499,0.07759129125931354,0.756,0.4408628476384644
0,0.06060610351562501,0.0772118017399911,0.786,0.4886392346942525
0,0.06108330078125,0.07766006615308037,0.8300000000000001,0.5379390953077108
0,0.06134306640625,0.0777935571956996,0.7350000000000001,0.43705859107358735
0,0.061139453125,0.07726360632803746,0.703,0.2541945515228283
0,0.060455664062500004,0.0763540826791368,0.8280000000000001,0.3353471347991004
0,0.06175986328125001,0.07815524652281494,0.874,0.38044274489673047
0,0.060029638671874996,0.07614183026619212,0.6779999999999999,0.3194051922040413
0,0.059599658203125,0.07532484508450046,0.7010000000000001,0.2916771063217678
0,0.060474072265625,0.07686708111474644,0.715,0.40955980925092783
0,0.0597294921875,0.07546214599501065,0.671,0.3288086624212525
0,0.061590478515625005,0.07824885230540506,0.972,0.43988049954761266
0,0.059642333984375004,0.07545435316546495,0.757,0.34317254858303947
0,0.059424658203125015,0.07553468718263605,0.771,0.4429353349113323
0,0.06048623046875,0.07665135687649181,0.745,0.4250634087395855
0,0.06022690429687501,0.076737200128153,0.887,0.7083040858036118
0,0.06019072265625001,0.07608979643033326,0.722,0.34371284005047764
0,0.059485302734375,0.0751486834272887,0.669,0.26731500595413404
0,0.061540429687499995,0.07807122492633904,0.656,0.3541207352122204
0,0.060072363281250006,0.07632805872566212,0.8049999999999999,0.4990925057617095
0,0.061408789062500004,0.07782999554263909,0.755,0.349412751660938
0,0.060334765624999995,0.07657321002498375,0.745,0.4160923963921235
0,0.061819531250000004,0.07898807803620275,0.8180000000000001,0.6273356080180288
0,0.05926127929687501,0.07536050939328992,0.781,0.5084444464835771
0,0.060583691406249994,0.07720547781315475,0.7030000000000001,0.4005096065091718
0,0.059595996093750006,0.07528655729607739,0.7230000000000001,0.2905308522713739
0,0.06155981445312499,0.07812222617620639,0.872,0.5664490782766274
0,0.06117045898437501,0.07742304190688415,0.6890000000000001,0.2876786871169621
0,0.060975634765624995,0.07758341228359363,0.83,0.5162164874021524
0,0.061459423828125005,0.07771170832533071,0.752,0.3658649197381023
0,0.06009228515625,0.07655629609046088,0.798,0.5125468703141571
0,0.059943505859375,0.0761457171826727,0.793,0.381054399079956
0,0.0592443359375,0.07524764443192698,0.874,0.45147927313008207
0,0.06038212890625001,0.07651418403818844,0.754,0.35252962681830047
0,0.0604736328125,0.07657643296815494,0.7030000000000001,0.3462653410221592
0,0.062166455078124995,0.07862438808983879,0.791,0.3624940923308948
0,0.060528564453125,0.07700383419533723,0.845,0.5425193663094023
0,0.06018378906250001,0.07652579803399628,0.833,0.5200155088401144
0,0.060938330078125005,0.0773896824151287,0.7030000000000001,0.43190081038293116
0,0.059733007812499996,0.0758711009598973,0.847,0.5098311593414597
0,0.05966455078124999,0.0756129652894723,0.903,0.42220488142617674
0,0.05973803710937501,0.07584539467327026,0.74,0.3855004562475095
0,0.060894775390625,0.07718505169401052,0.742,0.35013309394085246
0,0.060446093750000006,0.07666136660171108,0.733,0.39745034059748496
0,0.060671582031250004,0.07667083221833441,0.869,0.454256780561586
0,0.05993408203125,0.07640126774314035,0.735,0.4621422075469619
0,0.06166845703125001,0.07803364064469648,0.7150000000000001,0.3311462198582431
0,0.06085458984375001,0.07730749201326231,0.73,0.42701086599625615
0,0.06080751953125,0.07692046829570813,0.747,0.320109256981544
0,0.061980712890625,0.07888717205163497,0.8029999999999999,0.5186211330341539
0,0.061027929687499996,0.07746037066070563,0.728,0.4064589681713531
0,0.060548193359375,0.07686808002580686,0.749,0.4088430650331287
0,0.06128935546875001,0.07739387126679906,0.642,0.21209746554701248
0,0.06117880859375,0.07761845480901686,0.8009999999999999,0.4663598030208287
0,0.06173798828125,0.07842634470312429,0.713,0.39031522506951166
0,0.061184326171875004,0.07745103192683972,0.916,0.39815988514681777
0,0.060832666015625016,0.0769863685436662,0.796,0.3219624132001542
0,0.059829638671875005,0.0759900835864513,0.679,0.3787525414114188
0,0.06106723632812501,0.0773580671906957,0.728,0.3420917702434818
0,0.061001904296875006,0.07754091329985661,0.754,0.4734358466541311
0,0.06041362304687501,0.07698179360874721,0.743,0.447202651604071
0,0.05996123046875,0.0763151552089869,0.733,0.4471539298962406
0,0.06019365234375,0.07639013810918444,0.845,0.5469289750901192
0,0.06152353515625001,0.07819087792379231,0.782,0.40368368534336563
0,0.061168798828125,0.07758871592333583,0.73,0.3791111272392764
0,0.06085590820312501,0.07715302673181239,0.84,0.3713008615841109
0,0.061240966796875004,0.07782723749792411,0.8300000000000001,0.5050743337064105
0,0.060006494140625,0.0761109060021734,0.7110000000000001,0.3286110755448455
0,0.061500781250000004,0.07808635380561539,0.784,0.42558587856816343
0,0.060510986328124995,0.07644353036305476,0.737,0.35054667928770566
0,0.061434863281249995,0.07782119996755746,0.725,0.30035065706366915
0,0.061867724609374994,0.07807434200224268,0.735,0.2668683879683278
0,0.061620410156250006,0.07850798225341203,0.659,0.3653585893301865
0,0.06088505859375,0.07738626662201734,0.878,0.5063321280777151
0,0.06074467773437501,0.07705413826998973,0.8300000000000001,0.4444705851182156
0,0.06134833984375001,0.0778242708058665,0.749,0.39565238708172235
0,0.06020771484375,0.0761645793330435,0.742,0.371201721911139
0,0.0608783203125,0.0768690770353883,0.796,0.30749474025222057
0,0.059485205078125006,0.07562072541757292,0.755,0.48816477088484245
0,0.060624511718749996,0.0770758804201095,0.779,0.47452227231467026
0,0.06126865234375001,0.07810519464754627,0.823,0.46552930585791374
0,0.05971533203125,0.07614653613777954,0.774,0.5528697268991065
0,0.0607826171875,0.07729347099574023,0.755,0.4825257504421647
0,0.060064697265625,0.07585974810540545,0.767,0.2798720451744803
0,0.06013188476562501,0.07618124575959567,0.71,0.3237082059057306
0,0.05983247070312501,0.07573095783938527,0.659,0.3518243628605009
0,0.059942089843750004,0.07606733812948373,0.76,0.4018811172873735
0,0.0617685546875,0.07858706183877948,0.754,0.4397530049606644
0,0.06061796875000001,0.0765144536641916,0.764,0.30756512844638406
0,0.060332958984375004,0.07652201468840958,0.782,0.42756084971696895
0,0.06055107421875,0.07693216036150162,0.7809999999999999,0.47217074075070053
0,0.060466162109375,0.07663639959969533,0.762,0.4292422492209682
0,0.060803271484375,0.07716882335360903,0.771,0.3573263428988387
0,0.05950224609375001,0.07546582072819967,0.757,0.38032259689892367
0,0.061728955078125,0.0784624556589328,0.708,0.4162216058917836
0,0.06114384765625001,0.07743160658657343,0.8109999999999999,0.4381933427723923
0,0.061066650390625,0.07741707682889115,0.81,0.4181568338101229
0,0.061123876953125,0.07722561830806902,0.7829999999999999,0.31077503265156325
0,0.05973530273437501,0.07561313234411028,0.732,0.30545519863093284
0,0.05989277343750001,0.07611742512710191,0.737,0.4668559319086989
0,0.06193354492187501,0.07854463601399202,0.872,0.3615217429430797
0,0.06150473632812501,0.07787101639637431,0.703,0.3905431033629876
0,0.061249609375,0.07767480236110584,0.784,0.417840869010627
0,0.06162392578125,0.07784221688364598,0.7789999999999999,0.2996620795127183
0,0.059832861328125,0.07569174249187224,0.7030000000000001,0.3175699833688572
0,0.06017080078125,0.07636667246369643,0.8180000000000001,0.48682290406817463
0,0.06106171875000001,0.07734669556984736,0.838,0.40520456329289845
0,0.06151791992187501,0.07839245707829429,0.73,0.493499202297464
0,0.060233154296875,0.07626764924815639,0.8180000000000001,0.4251022370903268
0,0.061496826171875,0.07819403477352323,0.696,0.4252786985695489
0,0.061527880859374995,0.07823877984354832,0.874,0.5410550470181565
0,0.06209296875000001,0.07881855954622202,0.833,0.4923650099388044
0,0.06052500000000001,0.07694264287393016,0.817,0.501785914417268
0,0.06178310546875,0.07867075856627526,0.808,0.49549582131231773
0,0.060192285156250004,0.07626238379295311,0.794,0.3915278701871774
0,0.06121874999999999,0.07756598740200223,0.679,0.35162553099311156
0,0.060750732421874995,0.07687960697280954,0.717,0.2979657430445224
0,0.060481689453125,0.07677815238829179,0.6759999999999999,0.39614492845074345
0,0.061139648437500006,0.07759947316682808,0.8160000000000001,0.43956678433765495
0,0.061593603515625,0.07804401241992166,0.681,0.40586676946250355
0,0.059919531250000005,0.07613279240530736,0.7030000000000001,0.38834967129472453
0,0.060994091796875004,0.07773737078082577,0.781,0.566700093050676
0,0.05991386718750001,0.07603163093844624,0.727,0.41783615697612975
0,0.060801806640625,0.07687708767655159,0.7,0.3496762549842871
0,0.060123730468750004,0.07623180554825466,0.749,0.3821786978973143
0,0.060857861328125006,0.07748024070667338,0.755,0.5782366156865968
0,0.060174658203124995,0.0768780283801128,0.7689999999999999,0.5470773142021708
0,0.0613154296875,0.07761809988513667,0.7230000000000001,0.3311799985725137
0,0.060545800781250006,0.07696297335359087,0.835,0.4282343784664375
0,0.061403076171875,0.07811699363331163,0.827,0.5572219183026546
0,0.06031049804687501,0.07651611202208855,0.7689999999999999,0.44631979377065445
0,0.061759472656250015,0.07841127565900609,0.754,0.4749347955380534
0,0.06099384765625,0.07777931005189798,0.8160000000000001,0.5191691228606832
0,0.060786523437500004,0.0772861356750234,0.6990000000000001,0.3969041106344453
0,0.061414111328125,0.07810925747846724,0.765,0.44814243720393154
0,0.06244853515625,0.07920803258770218,0.776,0.35898690771115227
0,0.059459277343750006,0.07536018552169875,0.825,0.5001967130650411
0,0.060735205078125,0.07694237300236206,0.708,0.3559125944069117
0,0.059924365234375,0.07618175124586309,0.823,0.5239826539737651
0,0.06184033203125,0.07852223161525393,0.705,0.36186418762455075
0,0.06068583984375,0.0770128733379006,0.749,0.39812301791803595
0,0.06126445312499999,0.07779473440246679,0.742,0.43199784236532235
0,0.06081533203125,0.07699636036358601,0.749,0.4120063063697388
0,0.05999589843749999,0.07603351053492233,0.747,0.42089091311293725
0,0.06110375976562501,0.07761152632757344,0.7030000000000001,0.4177640583898037
0,0.06157539062499999,0.07823235565931684,0.794,0.462614995853301
0,0.06203159179687501,0.07846343012353105,0.7909999999999999,0.3663784441404645
0,0.061577099609375005,0.07776679646355235,0.732,0.29535701365171985
0,0.060446923828125,0.07650616999469977,0.7030000000000001,0.35526277295406405
0,0.061389013671875006,0.07768720809548703,0.7929999999999999,0.4379526468945034
0,0.060815283203125,0.07691784505126578,0.696,0.4162375296755685
0,0.061808251953125004,0.07839013968553384,0.808,0.44322064491886604
0,0.06015454101562501,0.07633647011622328,0.715,0.3836154471369735
0,0.06073818359375001,0.07683881242635635,0.767,0.3601853709222538
0,0.060311572265625,0.07685214338209696,0.737,0.47939329223455873
0,0.061462353515625,0.07815712687331831,0.759,0.4221871397231123
0,0.061589453125000006,0.0782394068899253,0.7709999999999999,0.47184744365062325
0,0.0601255859375,0.07595500572941341,0.774,0.30438619570477954
0,0.061396142578125,0.07754249215087042,0.735,0.272213678600965
0,0.06144804687500001,0.07731367956811282,0.761,0.2258166101647494
0,0.060296923828125,0.07650491219623855,0.777,0.4724327312404091
0,0.06168808593749999,0.07872387918744708,0.888,0.6552318596666904
0,0.059888525390625,0.07562268242617169,0.742,0.2940289000270888
0,0.061401806640625,0.0776324653549241,0.701,0.3089038176237886
0,0.061594482421875,0.07829359630142696,0.796,0.4207031177532925
0,0.061064697265625,0.07746422337313492,0.783,0.4261150547702037
0,0.060347949218749995,0.07661337986162496,0.755,0.41426243038844524
0,0.059197363281250005,0.07509976364459194,0.74,0.4322386192221237
0,0.059457177734375,0.07497681350459298,0.703,0.264094651949371
0,0.060333544921874996,0.07636214150477158,0.713,0.332808431759835
0,0.061313574218750014,0.0778484444935067,0.718,0.3784283215736437
0,0.05925786132812501,0.07525292848292316,0.794,0.43813676578415883
0,0.06238193359375001,0.07915147318116678,0.752,0.41325990616012565
0,0.06140317382812501,0.07800105820352181,0.74,0.34814837459687187
0,0.061934033203125,0.0782297576242485,0.73,0.3212339905021637
0,0.06097177734375001,0.07754587012035527,0.796,0.5701837051718384
0,0.06081928710937501,0.07687381427959207,0.73,0.36326545631774865
0,0.060480517578125004,0.07673297177188527,0.786,0.3774049694681145
0,0.060902587890625005,0.07703683378953455,0.73,0.33766053420515485
0,0.060321875000000004,0.07645715623248507,0.723,0.40368314859793664
0,0.061469580078124995,0.07802320488327184,0.8400000000000001,0.49550169457822246
0,0.060384716796875,0.07647613594591682,0.6890000000000001,0.32143393913664564
0,0.061996240234375,0.0786808722778091,0.883,0.5518785151478065
0,0.060782568359375,0.07719535987180028,0.764,0.42249302572013914
0,0.060760888671875,0.07665643399961015,0.788,0.30615492979033476
0,0.05958745117187501,0.07556877706675667,0.742,0.389790037405521
0,0.060476074218749995,0.07640429061505413,0.718,0.27409504741691926
0,0.06076538085937501,0.07734805877568478,0.708,0.46867986441406906
0,0.060550976562500004,0.07671429012964165,0.891,0.4150533719613865
0,0.06115634765625,0.07785117202077461,0.81,0.5209914178339541
0,0.05999667968750001,0.07609349942401462,0.8300000000000001,0.46806435398399415
0,0.06182353515625001,0.0784287645702927,0.76,0.39247062477379524
0,0.061579003906250006,0.07837120333241189,0.732,0.4702673332381755
0,0.06012680664062501,0.07638111651411816,0.75,0.4155701252808761
0,0.06092690429687501,0.07755393472743673,0.7250000000000001,0.41610777262515786
0,0.06042661132812501,0.07628622661353195,0.749,0.259737428643497
0,0.059454638671875004,0.07533387721343443,0.744,0.46059922045061397
0,0.0606060546875,0.07681343412124615,0.6930000000000001,0.2964954180069941
0,0.061344287109375006,0.07785398787240526,0.715,0.4005970384193849
0,0.06121801757812499,0.0775262621555561,0.862,0.41182245684681895
0,0.06043359375,0.0766363670204398,0.75,0.4049766158613508
0,0.060959863281250005,0.07752790160446214,0.857,0.59416197100937
0,0.061008349609375,0.07746586924757592,0.7230000000000001,0.3910969739121195
0,0.060600146484375006,0.07694450865242865,0.7909999999999999,0.4719871514500311
0,0.06161357421875,0.07824615573099228,0.717,0.3734058194569596
0,0.059737695312500005,0.07573919520095079,0.745,0.39367813098355287
0,0.059270117187500006,0.07493482740432615,0.6910000000000001,0.3035741644560339
0,0.05980400390625,0.07598874676957491,0.862,0.5926312705867858
0,0.061270361328125,0.07783000887917607,0.837,0.4691571133496648
0,0.06143388671875,0.07774252606442102,0.718,0.31991028155765777
0,0.060029296875000006,0.07607377332562755,0.774,0.42323338040355285
0,0.06137993164062501,0.07789516199424248,0.728,0.36960954395167844
0,0.0608064453125,0.07684182412407498,0.788,0.3818657000263892
0,0.060473779296874995,0.07672148901858732,0.698,0.3646884901407135
0,0.0599376953125,0.07580981683692348,0.716,0.33242199799785155
0,0.06177529296874999,0.07843447478830728,0.869,0.56474034220826
0,0.061136816406249996,0.07728906543416653,0.725,0.25864743757069686
0,0.06111855468750001,0.07736674024999435,0.698,0.3167613458612375
0,0.060760546875,0.076993353364847,0.742,0.3112997957537105
0,0.059349609375,0.07519694246755879,0.662,0.3649192576756848
0,0.060456201171875,0.0768513764208974,0.764,0.40478293715094704
0,0.060123291015625004,0.07632668791276483,0.764,0.44490280527972814
0,0.059873291015624996,0.07583678928931606,0.747,0.3650362834636387
0,0.059211523437500004,0.07508954347002032,0.76,0.36803551699047077
0,0.06146669921875001,0.07797442105718311,0.847,0.42318121122703456
0,0.061616796875000004,0.07794851689857768,0.698,0.267938429937038
0,0.061251416015625004,0.07795797068379691,0.791,0.4842177956348408
0,0.06140732421875,0.07780539202692423,0.708,0.33710919095959824
0,0.062247900390625,0.07894798468926638,0.7569999999999999,0.3611321322444012
0,0.061873583984375,0.07861573341707276,0.8029999999999999,0.4299032321679883
0,0.06089462890624999,0.07724088423093915,0.789,0.43830608328698695
0,0.060629443359375014,0.07684139323661317,0.759,0.30778397737436824
0,0.061670654296874995,0.07857582593853027,0.813,0.5275230618433251
0,0.058806298828125006,0.07403929221890163,0.615,0.16086555119316115
0,0.06097724609375001,0.07716845280685904,0.698,0.336034830856613
0,0.060900048828125,0.0775906284267439,0.84,0.5830624514456058
0,0.059427587890625,0.07533174187904663,0.766,0.3873433248055256
0,0.06044697265625001,0.07655518025835775,0.738,0.32951908124459095
0,0.05829340820312501,0.07397529265166018,0.659,0.346576183254911
0,0.060828369140625005,0.07722067285270202,0.72,0.412106396846204
0,0.0604595703125,0.07635722828457163,0.6910000000000001,0.22272780378887358
0,0.060357275390625,0.0765308513325829,0.7030000000000001,0.3681107468870848
0,0.060023583984375,0.07620485338525151,0.664,0.31402076871710305
0,0.060301708984375,0.07609641988617473,0.6859999999999999,0.23864300736866229
0,0.059980029296875,0.07620723124968688,0.81,0.48025107600364203
0,0.060738818359375,0.07705428508089941,0.75,0.40568717581923464
0,0.06074658203125001,0.07745006227971006,0.96,0.6670576458997246
0,0.060095361328125006,0.0760862482384238,0.73,0.3022605356791521
0,0.06008349609375001,0.07632856509656741,0.723,0.4431342835395671
0,0.060696484375000005,0.07703638582941937,0.694,0.36952452332865526
0,0.060730517578125,0.07697260397835007,0.6990000000000001,0.3919277969191701
0,0.060631787109375,0.07726214303310824,0.732,0.48063870982954926
0,0.06134345703125001,0.07777919736232741,0.786,0.3735755677580297
0,0.060620068359375015,0.07681567092072565,0.748,0.4013357758732137
0,0.060356787109375,0.07657646034595227,0.781,0.34257832867343607
0,0.060161425781250014,0.07638262897598555,0.8009999999999999,0.4208639557564058
0,0.061542626953125,0.07804807668192676,0.825,0.35235280839096905
0,0.06079077148437499,0.0771113601263777,0.8029999999999999,0.40006268523484634
0,0.06059833984375,0.07663647909329076,0.708,0.37034304960210074
0,0.060271191406250015,0.07614852392452992,0.747,0.3379413350421916
0,0.061245703124999995,0.07767867576409083,0.767,0.4444621380077156
0,0.06065537109375,0.07701900501068154,0.7809999999999999,0.4245121177058362
0,0.060508740234375004,0.07616282811783646,0.647,0.20491353479846586
0,0.05988056640625,0.07624888727470584,0.7889999999999999,0.47739307455073465
0,0.0606849609375,0.07684533243437158,0.725,0.3443925457307482
0,0.061262792968750014,0.07756700683459598,0.796,0.3416938055017189
0,0.06123774414062501,0.07748901181554627,0.808,0.41849458983080856
0,0.06095781250000001,0.07725303166906437,0.723,0.3435785290994704
0,0.060306250000000006,0.07627937132019466,0.8049999999999999,0.29133089670985957
0,0.061288525390625,0.07779223148189088,0.754,0.3765801214698361
0,0.061652734375000004,0.07795397769060194,0.745,0.2728455757651256
0,0.060571484375,0.07716322017168606,0.72,0.4433362853016818
0,0.06018071289062501,0.07655438857836835,0.745,0.4935185749376494
0,0.061555419921875,0.07820447716114663,0.744,0.4387350438105728
0,0.06178876953125001,0.07819152477410357,0.65,0.2898784257899969
0,0.060815478515625,0.07736118369941933,0.847,0.5335850965343232
0,0.06124853515624999,0.07723264606791835,0.776,0.3621181761247998
0,0.060543115234375014,0.0769740536449615,0.796,0.3984708522721947
0,0.06052524414062501,0.07687163975449084,0.7170000000000001,0.40445901986884536
0,0.060918115234375,0.07729555176929596,0.718,0.4491927431890046
0,0.061788037109375006,0.07827777029973873,0.754,0.393811964381086
0,0.061649707031250014,0.07830373487176039,0.72,0.31384600148732655
0,0.061665673828125,0.07861787069276106,0.927,0.6568070391325245
0,0.059931201171875004,0.07587631606402918,0.755,0.33265136066566825
0,0.059951123046875,0.07595099030425728,0.718,0.36302236851475733
0,0.060586376953125,0.07668765286093837,0.743,0.39330191453147245
0,0.062081689453125,0.07886164969000829,0.706,0.3171912838501538
0,0.06075234375000001,0.07696505522607093,0.788,0.3960282953144132
0,0.062052783203124996,0.07866917643476562,0.798,0.3987174692024569
0,0.0621291015625,0.07908917211595123,0.781,0.5847783239420155
0,0.061879980468750005,0.07849802097328577,0.7989999999999999,0.39721974753291445
0,0.06116948242187501,0.07762642018342812,0.769,0.48903230800688613
0,0.060834326171874994,0.07731893959023707,0.845,0.4460425802924233
0,0.062806591796875,0.07945728773705511,0.9890000000000001,0.4256197320515729
0,0.062000195312500006,0.07876634936876864,0.8009999999999999,0.439388905842216
0,0.061616503906249995,0.07814375112473006,0.742,0.3073003909672294
0,0.06251484375000001,0.07932798355868348,0.847,0.3604415941491075
0,0.06145122070312501,0.07789096424990805,0.764,0.3972290693037701
0,0.06086855468750001,0.07738960048090585,0.73,0.44607896359149146
0,0.06103349609375001,0.07714844023338603,0.735,0.280075909188402
0,0.06000620117187501,0.07610593591350984,0.71,0.41735303968953685
0,0.0611408203125,0.07729168063614163,0.74,0.30207416938145837
0,0.060398876953125,0.07660661122983158,0.708,0.37399640255617905
0,0.06162910156250001,0.07803934399022344,0.725,0.33869269784374456
0,0.059661865234375,0.07576516060711819,0.745,0.4080605046318513
0,0.06050654296875,0.07690524724884,0.761,0.46816235514344706
0,0.060943603515625014,0.07730953224226583,0.749,0.41129213012603616
0,0.061735693359374996,0.07840959228104522,0.754,0.3733421371332839
0,0.05996416015625,0.07570118489862475,0.671,0.2559677197295893
0,0.062056933593749995,0.07846671341781498,0.845,0.3059077768184095
0,0.061358398437499996,0.0776577118255754,0.806,0.3221271672472339
0,0.06073486328125001,0.07681755459350152,0.742,0.3543989446650708
0,0.061094775390625,0.07746894343847119,0.6519999999999999,0.30961601911305836
0,0.06068974609375001,0.07687059008688574,0.7150000000000001,0.34906668202127555
0,0.06117656250000001,0.07753484869782247,0.742,0.41122231497140227
0,0.05951474609375,0.07576150103062902,0.712,0.4064597916663981
0,0.060450195312499996,0.0766301144035941,0.748,0.3700231720140432
0,0.060219140625,0.07677883289524279,0.774,0.532578800373201
0,0.05954770507812501,0.07545653374935424,0.777,0.4047138169573614
0,0.06060078125,0.07670384782392663,0.842,0.3695643133022122
0,0.0602,0.0765744476784151,0.833,0.43309883912666924
0,0.060284277343750005,0.07609643615462021,0.798,0.26809421544900447
0,0.059931640625000004,0.07583848610119465,0.657,0.3259681516945001
0,0.061803466796875005,0.07863962230433474,0.7769999999999999,0.49377479186991025
0,0.059112109375,0.07485720499714194,0.625,0.29257708015378325
0,0.05939672851562501,0.07547957028666864,0.76,0.48153185523704733
0,0.060980126953125005,0.0774549037472992,0.745,0.4419314838847854
0,0.061084326171875,0.07784892877637682,0.788,0.521811344975156
0,0.06146030273437501,0.07809715296357081,0.783,0.4536244074601785
0,0.06013095703125,0.07607857372246403,0.8200000000000001,0.4236777373486098
0,0.061262109375,0.0774497893414917,0.786,0.29830253571617904
0,0.06078383789062501,0.07690184928854053,0.7350000000000001,0.3992394228624758
0,0.061648144531250004,0.07841605485970027,0.737,0.42221413329817814
0,0.060716748046875005,0.07709048084366325,0.756,0.47643644736944246
0,0.060460693359375005,0.07661851316675722,0.706,0.36493871305970593
0,0.059829931640625,0.0760743867622998,0.738,0.4046983336170258
0,0.061132519531250006,0.07745153396046593,0.825,0.4164259373181851
0,0.061449755859374997,0.07797954553010325,0.931,0.5485896012354474
0,0.061097021484375014,0.07761817449257592,0.756,0.37794366180997097
0,0.06256396484375,0.07915981624047037,0.786,0.3224069468935795
0,0.061390185546875,0.07752226883677524,0.7250000000000001,0.2677201212044107
0,0.06198276367187501,0.07853056446143572,0.8300000000000001,0.3885134945276123
0,0.062387744140625,0.07896260563918972,0.7909999999999999,0.4070034550620174
0,0.062484667968750005,0.07905916720124433,0.718,0.3474743632273807
0,0.06155986328125,0.07819904743892489,0.855,0.545918411380272
0,0.06118554687500001,0.07780511614291777,0.789,0.43269991308322275
0,0.06132294921875001,0.0774870854107122,0.6930000000000001,0.30299900081291
0,0.0641630859375,0.08151823352707728,0.8959999999999999,0.5666889213621578
0,0.06074990234375001,0.07678379216775025,0.862,0.3561730038030797
0,0.061643603515625,0.07828435555027986,0.723,0.38899196237205436
0,0.060910107421875005,0.0771200007359263,0.6930000000000001,0.35279620493135777
0,0.061634716796875,0.07831569065068257,0.786,0.44221756979937377
0,0.06112666015625,0.07738437691901007,0.72,0.28391523619049597
0,0.05952954101562501,0.0755417258715849,0.761,0.3718072446196725
0,0.061532617187500006,0.07787376769430278,0.718,0.33128732679968653
0,0.062038623046875005,0.0790170110035342,0.8300000000000001,0.4731143985341131
0,0.060091308593750004,0.07648061079752747,0.796,0.4433637639149004
0,0.06156723632812501,0.07818151679986492,0.7230000000000001,0.32019748710613216
0,0.06280170898437501,0.07958598161819926,0.774,0.37007201037201254
0,0.062653955078125,0.07952488089415834,0.806,0.3755785190178629
0,0.062994384765625,0.0800961141360331,0.891,0.5260048179163546
0,0.06148852539062501,0.07787621792826703,0.765,0.3387606415850897
0,0.062045556640625,0.07846345124382906,0.77,0.2777135623768947
0,0.061701171875,0.0781415394123521,0.8260000000000001,0.37018849360160333
0,0.06128964843750001,0.07780462064750704,0.764,0.458982255928821
0,0.0627037109375,0.0794376532600419,0.713,0.33043739316895504
0,0.06086909179687501,0.077098690150829,0.774,0.39377059294869765
0,0.06463647460937501,0.08223985284736413,0.853,0.5003740741636844
0,0.066211181640625,0.08429453767294064,0.813,0.4508448020711775
0,0.066476513671875,0.08426361545795787,0.764,0.37837651204512657
0,0.065578857421875,0.08308035483617349,0.747,0.2911308678170452
0,0.065423583984375,0.08265013893192785,0.749,0.20897921343268377
0,0.06626748046875,0.08424717046536646,0.83,0.39805576986482194
0,0.06762211914062499,0.08595580269518177,0.889,0.47031290657213587
0,0.066467041015625,0.0844199690988402,0.986,0.4865130026451254
0,0.06514169921875,0.08266760510022222,0.762,0.26595855893303977
0,0.06573759765625001,0.08361850069275305,0.796,0.3818054415969727
0,0.06611171875,0.08378558270330716,0.81,0.38767370740609763
0,0.06715561523437501,0.08548433357170829,0.794,0.3946015078150089
0,0.066328759765625,0.08427990203943556,0.776,0.3658697395741912
0,0.06813012695312501,0.08695461810286201,0.781,0.4364173780138687
0,0.066585400390625,0.08473888904789488,0.889,0.4287637975372536
0,0.0672046875,0.08514582655865971,0.7869999999999999,0.3289489991173604
0,0.06826743164062501,0.08697370286725636,0.784,0.4340085155916307
0,0.06851015625000001,0.0869207126049963,0.777,0.31669418796819127
0,0.06884213867187501,0.08786925596907819,0.833,0.430147194240349
0,0.067406640625,0.08561584231134678,0.752,0.4363586459691815
0,0.06703759765624999,0.08541338928822663,0.937,0.4780069177953763
0,0.06806416015625001,0.08659816145580611,0.833,0.4862233238389191
0,0.06880546875,0.08758340524732817,0.8280000000000001,0.4443845022745201
0,0.069295361328125,0.08817470975296222,0.839,0.4654821554251858
0,0.06745712890625,0.08604078734387456,0.794,0.4927349634179672
0,0.07013779296875,0.08915456824095384,0.864,0.4000941939036653
0,0.06724960937499999,0.08559283408887657,0.762,0.40487944030252443
0,0.06928984375,0.08824570498964564,0.777,0.3659394532713698
0,0.069774560546875,0.08880598419897902,0.842,0.3770945051934542
0,0.06872001953125,0.08728705664550379,0.8300000000000001,0.37620336380365016
0,0.06866279296875001,0.08745980466075431,0.879,0.4396049452472912
0,0.069813720703125,0.0888879659499545,0.86,0.4402469914533116
0,0.067802001953125,0.08603791602122939,0.734,0.32130361436320864
0,0.069245703125,0.08848404967495963,0.896,0.5412085936380691
0,0.068674462890625,0.08783154763349316,1.057,0.5760381353265771
0,0.06817392578125,0.08690246040095322,0.792,0.4667661948985651
0,0.06806572265625001,0.08671931682883927,0.8939999999999999,0.44798583289768334
0,0.069419873046875,0.08851431429343214,0.94,0.44239483736892193
0,0.069054638671875,0.08811929537982273,0.835,0.42207357939809365
0,0.07040136718750001,0.08997184051706986,0.725,0.418621701128957
0,0.06928867187500001,0.0883772052684528,0.8300000000000001,0.5602555996498157
0,0.06865239257812501,0.0876224469501469,0.828,0.4137279539953309
0,0.070034619140625,0.08949987578834939,0.857,0.49796496157412706
0,0.06995117187500001,0.08911881924741626,0.839,0.4491554236861348
0,0.068790576171875,0.08817040070709482,0.889,0.5134914074370189
0,0.06929345703125,0.08843589024435419,0.8280000000000001,0.48489349535248216
0,0.070170361328125,0.09013235071380551,0.903,0.6217770021628457
0,0.071073193359375,0.09068182025654924,0.891,0.4888141347703794
0,0.07035751953125,0.08988117568565582,0.886,0.4496169147110769
0,0.07153637695312501,0.09101847827023163,0.849,0.36341261581366435
0,0.07035322265624999,0.09008923786255496,0.869,0.5452279361146344
0,0.071685400390625,0.09206942183556503,0.894,0.6274695337680583
0,0.069493701171875,0.08919257007795696,0.788,0.587115769874706
0,0.07039072265624999,0.08970540254238178,0.908,0.51467069938347
0,0.071241650390625,0.09107452721996616,0.796,0.45951746098325197
0,0.0717552734375,0.0918006439942167,0.91,0.5832556522576771
0,0.07019716796875,0.08979934367745021,1.066,0.5313526949232945
0,0.07143471679687499,0.09119080363740102,0.832,0.4307299921087786
0,0.0708958984375,0.09084378391597234,0.869,0.543120842220695
0,0.070180712890625,0.08960327125381455,0.876,0.5000568354441408
0,0.070282275390625,0.08980131230891515,0.874,0.44308004759376196
0,0.07150043945312501,0.09139292334375963,0.944,0.5828125625920308
0,0.07205947265625,0.09193215140416172,0.808,0.4359665616194075
0,0.07061362304687499,0.09038048900211067,0.767,0.47912682547507224
0,0.07164843750000001,0.09159794525518655,0.903,0.47732192161953524
0,0.071238134765625,0.09142726104563606,0.849,0.5755229887249769
0,0.07097060546875,0.09035473613622591,0.869,0.385410349683454
0,0.071172998046875,0.09099477554843573,0.779,0.5069703567366908
0,0.07121699218750001,0.09109987611374874,0.9530000000000001,0.5420037471466377
0,0.072997412109375,0.09314847364028707,0.994,0.5609820953544635
0,0.072084716796875,0.09194259719876635,0.821,0.39486897540859767
0,0.07155205078125,0.09218131619884988,0.991,0.7432975552995371
0,0.071476416015625,0.09180432572924035,0.813,0.5517784022496657
0,0.07318618164062499,0.093382117695304,0.917,0.46252264920486175
0,0.0724798828125,0.09313785647333142,0.8280000000000001,0.6215580358289516
0,0.07283300781249999,0.09359113145530917,0.925,0.5944372850986572
0,0.07379951171875002,0.09450843626765197,0.8200000000000001,0.4948223120819719
0,0.07424248046875001,0.09486459281639577,0.838,0.45458474965973483
0,0.07492026367187501,0.09588292160878376,0.903,0.5121334435393043
0,0.07381235351562501,0.09451864152530166,0.9450000000000001,0.45030249249972787
0,0.073847802734375,0.09481914031088155,0.872,0.5362435114092148
0,0.07452734375,0.09558295342597416,0.889,0.4700351608607565
0,0.07519697265625,0.09625091780901182,0.867,0.48214773837679425
0,0.07510351562499999,0.09627513860956524,0.8160000000000001,0.48091499307045593
0,0.07355107421875,0.09497518174685494,0.974,0.7511586473517373
0,0.074103564453125,0.09549244976104748,0.9670000000000001,0.6564783060272306
0,0.074142138671875,0.09490302288929583,0.898,0.5195036890723932
0,0.07373339843750001,0.09426557865206811,0.9450000000000001,0.47955622735407344
0,0.072255224609375,0.09328469083302592,0.879,0.6900665599350058
0,0.076612158203125,0.09845005065436922,1.045,0.6142024183200445
0,0.07393281250000001,0.09503868695899781,0.867,0.5214360964550426
0,0.074217431640625,0.09557886945078164,0.859,0.5461967132436896
0,0.07531943359375,0.09692809996445481,1.03,0.7066014705423598
0,0.07501640625000001,0.09649377021860993,1.0110000000000001,0.5868126529442286
0,0.07484326171875,0.09610307518105546,0.8320000000000001,0.5574171385605213
0,0.074834423828125,0.09612540130917151,0.96,0.5643935427422329
0,0.07458520507812501,0.09565264910863361,0.882,0.5436207732186147
0,0.07450576171875001,0.09587125623493316,0.883,0.5675984206307501
0,0.072592919921875,0.09356724330764812,0.815,0.5771797568819839
0,0.07594003906249999,0.09778247306724465,1.077,0.6771886124561832
0,0.07557016601562501,0.09708231057954604,0.9299999999999999,0.6499851458312187
0,0.073051318359375,0.09406876405599629,0.871,0.5973913543767058
0,0.07489609374999999,0.0963140650874664,0.996,0.5472246871079176
0,0.074067822265625,0.09587481384944377,0.9590000000000001,0.6811948931940965
0,0.07596889648437502,0.09739518356995239,1.04,0.5790203454839511
0,0.075798486328125,0.09764422684677404,0.896,0.6133940913684968
0,0.07345410156250001,0.0948210754185315,0.954,0.6512805700988582
0,0.07585732421875,0.09748992524821395,0.8939999999999999,0.5207344685544979
0,0.07656875,0.09843639396525677,0.867,0.5386898269168503
0,0.0768498046875,0.09940383393201764,0.871,0.6725187096744207
0,0.07641865234375,0.0983651064774757,0.915,0.5520838440108813
0,0.07578271484375,0.09803372410072997,0.8089999999999999,0.6552368688722146
0,0.07569472656250001,0.09791493996037309,0.876,0.6111333437801081
0,0.075298681640625,0.09725953373048636,0.877,0.5724844892623211
0,0.0763080078125,0.09837636823344928,0.855,0.5403197851984634
0,0.078939013671875,0.10376910203435047,0.984,1.0579778032148015
0,0.081472119140625,0.10637398947336635,0.996,0.8593839482326833
0,0.080391357421875,0.10500558225887016,0.9550000000000001,0.8594033690020821
0,0.08096103515625,0.10534146824160609,0.9490000000000001,0.8345135768103162
0,0.08140107421875001,0.10625564856160724,1.0470000000000002,0.8989962838910843
0,0.079970556640625,0.1042700012427267,0.892,0.7805928630818695
0,0.08076777343750001,0.10583460325573028,0.999,0.932443746332901
0,0.08166943359375001,0.10619686540460416,0.942,0.761813167054199
0,0.07849257812500002,0.10299146827083759,1.02,1.035295589771101
0,0.081673828125,0.10595899954424515,0.986,0.7446224362206095
0,0.08147011718750001,0.10594924027191699,1.057,0.8544294796051406
0,0.08010878906249999,0.1046235968561095,1.0230000000000001,0.9503298348422975
0,0.0807919921875,0.10561847953754985,0.969,0.8951812464408859
0,0.08012822265625,0.10434677548583268,0.9570000000000001,0.7816348788004697
0,0.08180371093750001,0.10661143815612846,0.964,0.7678642560795548
0,0.08193642578125,0.10660886235708324,0.969,0.7654697765915426
0,0.08061689453125001,0.10467625720588139,1.216,0.7869819151709754
0,0.07979892578125,0.10419411991093308,0.9570000000000001,0.8916386740504207
0,0.081450537109375,0.10610636041632907,1.006,0.8149963220300802
0,0.081733251953125,0.10684368830670976,1.0110000000000001,0.9259511693175684
0,0.0807240234375,0.10483115097547938,1.045,0.7773012336510248
0,0.07943447265625,0.10358289973678944,0.899,0.8176352010912522
0,0.08213808593750001,0.10614715155693699,1.0250000000000001,0.6430516614183497
0,0.08145771484375,0.1062959236188349,0.9570000000000001,0.7746946322817005
0,0.080756005859375,0.10489966343887303,0.921,0.7594868721250303
0,0.07921249999999999,0.10293961366314318,0.957,0.7345061687411092
0,0.078344677734375,0.10198831440725149,1.104,0.9054039207769429
0,0.0804013671875,0.1048669769520988,0.903,0.7653851180387239
0,0.07890712890625,0.10281090090426959,0.977,0.8056773825533741
0,0.0801859375,0.10411814607733272,1.0670000000000002,0.767350526474162
0,0.081035986328125,0.10524364665863592,1.052,0.8042036898939058
0,0.08095654296875002,0.10529723231413343,0.9650000000000001,0.8374606137177665
0,0.079128271484375,0.10319522564778863,0.877,0.7876753191941415
0,0.08005034179687501,0.10399037377794015,0.9470000000000001,0.7657113842738918
0,0.08031953125,0.10478630929616466,0.969,0.8513716239181859
0,0.08035004882812499,0.10485010316830717,1.03,0.8011197732616546
0,0.0801220703125,0.1044703204074305,1.057,0.8875430047913371
0,0.0808533203125,0.10530391525817447,1.05,0.8239941692202497
0,0.08182939453125,0.10709339131389001,1.07,0.9259360914985333
0,0.081478369140625,0.10711509271296862,0.997,1.0499797079690092
0,0.080636572265625,0.10518518220292614,1.065,0.8787991225503635
0,0.08052534179687501,0.10514338916451799,0.927,0.8321046946773341
0,0.08093725585937502,0.10571934420289815,0.9450000000000001,0.8605328986184082
0,0.08057124023437501,0.10542583760539853,1.145,0.9539876786626973
0,0.08154731445312499,0.10667180733337311,0.944,0.9485028239098772
0,0.08189453125000001,0.10713080010557506,1.028,0.9324927361688928
0,0.082332177734375,0.10823434391804927,1.008,1.0423942932084937
0,0.08107631835937501,0.10663266500748596,1.054,1.1178083967298198
0,0.080706591796875,0.10573303274973286,0.977,0.9838773110024168
0,0.08155810546875,0.10727136319458126,1.074,1.068532133388807
0,0.08278935546875,0.10925792237474784,1.028,1.1376804821538258
0,0.08143095703125,0.10647368979524564,0.984,0.9490147794299428
0,0.083783251953125,0.10976950924023306,1.0979999999999999,1.0141714282015117
1,0.08570673828125,0.11275490562424527,1.092,1.0775865528894446
1,0.09000234375,0.12027081919912475,1.169,1.345963647530156
1,0.116483837890625,0.16688531206930557,1.584,2.3890722982950106
1,0.119794775390625,0.17175226188535525,1.75,2.3850877136573763
1,0.12030419921874999,0.17373771535987825,1.782,2.6268074089323488
1,0.11844228515625,0.17176726202426995,1.76,2.6189030455499074
1,0.11736762695312501,0.16911142314905972,1.6669999999999998,2.507133901376002
1,0.121048486328125,0.17368022265539668,1.6949999999999998,2.5064066518245713
1,0.117347021484375,0.16858932554701642,1.643,2.467265336797422
1,0.115159619140625,0.16684723438082694,1.662,2.686524509219736
1,0.12100708007812502,0.172507030999726,1.526,2.2215812294847064
1,0.11763349609375,0.1698140825991547,1.722,2.547557372864662
1,0.117987939453125,0.16882029445348168,1.641,2.248777066522476
1,0.118264111328125,0.16848419830881153,1.569,2.29543109013067
1,0.11887666015625001,0.16950124228928082,1.492,2.236064581689714
1,0.118469580078125,0.1699224554601748,1.699,2.384176895930011
1,0.11374028320312499,0.16507878585285252,1.601,2.7590090372117437
1,0.11534023437499999,0.16551565040253277,1.592,2.5098751429398396
1,0.11540512695312502,0.16502786371733058,1.623,2.373606332702642
1,0.117732373046875,0.1680890322673415,1.499,2.370612072790797
1,0.11437333984375,0.16407562826353983,1.619,2.5158891668515384
1,0.11579130859375,0.16515006168363172,1.563,2.3421508310443384
1,0.113906640625,0.16411413167975805,1.553,2.578314431277734
1,0.11488637695312501,0.1638229823359712,1.5750000000000002,2.531885326050883
1,0.11360234375,0.16319995447417052,1.553,2.6241708680097338
1,0.11794482421875001,0.16845887536083012,1.634,2.3984384000021723
1,0.11730742187500001,0.16695990080764114,1.662,2.3044913572063175
1,0.115171484375,0.1656306076291268,1.611,2.6610620225085304
1,0.11509404296875,0.1641424046011769,1.631,2.4481806492189087
1,0.11640004882812498,0.16523855821088268,1.682,2.348742119130721
1,0.116234716796875,0.16629286759066028,1.704,2.555336429076207
1,0.10965800781249999,0.15753519405416844,1.613,2.756871698389002
1,0.11389550781249999,0.16211342999090594,1.57,2.539827058969368
1,0.11043754882812502,0.155816765083172,1.526,2.464085946432145
1,0.111178173828125,0.15676437161368403,1.604,2.397824838205458
1,0.109775537109375,0.15416258433338978,1.538,2.380993795300869
1,0.110094140625,0.1550153438361392,1.552,2.3857241830328224
1,0.11050004882812499,0.15479107309514195,1.545,2.326244291018452
1,0.103775830078125,0.14505347658643136,1.472,2.2603903426575673
1,0.10158554687499999,0.14250547917911555,1.446,2.398569851860411
1,0.1066033203125,0.14807779692684844,1.4500000000000002,2.158488613774588
1,0.1042986328125,0.1452566719121925,1.557,2.2044594195762057
1,0.10415883789062501,0.14390677431422344,1.428,2.0271482740199875
1,0.10005688476562499,0.1397168442716768,1.3900000000000001,2.342641300811165
1,0.10147802734375,0.13940496793015889,1.377,1.9866054341726365
1,0.10119311523437499,0.13975335792095936,1.375,2.0716523614208278
1,0.10338085937500001,0.14240961836091998,1.443,1.9998288945603404
1,0.10047099609374999,0.13855399139048752,1.491,2.2251644103888673
1,0.101997802734375,0.1405783469409978,1.4249999999999998,2.0884088755661026
1,0.096234033203125,0.13447099374999763,1.433,2.5143137121380645
1,0.10207265624999999,0.1405208429926291,1.367,2.029423852596696
1,0.100900830078125,0.13954307594198878,1.4409999999999998,2.174915562196098
1,0.097949365234375,0.13508302236099481,1.353,2.2229778685297505
1,0.09916318359375001,0.13563450076357514,1.487,2.1120656548190597
1,0.09811357421875,0.13496485320782559,1.484,2.2537976858385402
1,0.0963455078125,0.13188363578557946,1.459,2.2796867432564882
1,0.094583984375,0.12850403655113327,1.3210000000000002,1.9454752438008258
1,0.092754296875,0.12587990282028297,1.264,1.997542800174501
1,0.092947802734375,0.12575086007719946,1.3519999999999999,1.9092597898346062
1,0.091747314453125,0.12434257576370984,1.45,2.0802240990981087
1,0.091413330078125,0.12273314790942975,1.3210000000000002,1.8499449241387067
1,0.08995561523437501,0.12049771455313857,1.565,1.8363394045741623
1,0.08809013671875002,0.11664609267848056,1.276,1.4947850896938135
1,0.088082568359375,0.11791507359904692,1.448,1.7735457066958276
1,0.085101904296875,0.11283584344546327,1.206,1.4246082301984373
1,0.08490029296875001,0.11247857322396893,1.162,1.552294876927517
1,0.0843353515625,0.11131627706126455,1.175,1.3309587974609638
1,0.08426259765625,0.11109619772419393,1.1989999999999998,1.3866856891104478
1,0.083739013671875,0.11085801040438618,1.213,1.6093428330193849
1,0.08394477539062502,0.11016338278674173,1.224,1.3689570075773423
1,0.08374990234375,0.11002121859403505,1.096,1.273868225323242
1,0.081600439453125,0.10700005484462607,1.101,1.2220807735566188
1,0.08210737304687502,0.10727539268070405,1.028,1.073305002899736
1,0.082464697265625,0.1077959383216059,1.306,1.2331512796328292
1,0.080774462890625,0.10571842414788825,1.087,1.1528874123752004
1,0.080039013671875,0.10384050472535768,1.169,0.9432393234140064
1,0.08164267578125,0.1067788746689228,1.218,1.1755023973384349
1,0.081170556640625,0.10528519329245467,1.0430000000000001,0.8799226510924183
1,0.07993837890625,0.10422214581101316,1.009,1.0331776509628554
1,0.07949531250000001,0.10345598848132738,1.005,1.000355245197536
1,0.07918544921875001,0.1030124930008797,1.042,0.9084447005643224
1,0.07678164062500001,0.09930624154269888,1.0150000000000001,0.7717927254108252
1,0.079166552734375,0.10275773905266905,1.03,0.9268405707904264
1,0.078236767578125,0.10150196524741117,1.3079999999999998,0.9667239500366183
1,0.078039990234375,0.10048284100871414,0.966,0.6652145802848772
1,0.076976123046875,0.09936302244705549,0.871,0.7488124696956069
1,0.079290771484375,0.10258642144837173,1.021,0.8222244311026881
1,0.077523046875,0.10000005968549854,0.918,0.6527158309279764
1,0.07971455078125,0.1027480462241223,0.992,0.6411511578676281
1,0.0779177734375,0.10077314648240278,0.952,0.688527101475187
1,0.07741210937500001,0.10069870981864483,0.981,0.8693732490038779
1,0.078838134765625,0.10211176030560837,1.0670000000000002,0.8122074071808982
1,0.07949257812500002,0.10274597154131519,1.1280000000000001,0.7643725473661327
1,0.079562255859375,0.10323281452876602,0.9690000000000001,0.8305410434162077
1,0.08070859374999999,0.10472464619055652,1.0250000000000001,0.8673107336548807
1,0.080810205078125,0.10544206525576959,1.048,1.0399953829715907
1,0.08019208984375,0.10416035152198547,1.084,0.9779203766262876
1,0.08107119140625,0.10511782550252133,1.072,0.8677298220452299
1,0.078807275390625,0.10301653116940576,1.125,0.9835885532070137
1,0.081467724609375,0.10613361332449366,1.079,0.9646319369650564
1,0.081410986328125,0.10577298046086293,1.03,0.8522948759061766
1,0.08114028320312501,0.10623180018397706,1.021,1.0616526237676336
1,0.081595947265625,0.10634430186694287,1.013,0.943261495800948
1,0.081003076171875,0.1059304975844383,1.0619999999999998,1.0365573859673773
1,0.083338818359375,0.10889361794985976,1.126,1.0071678875967942
1,0.082247998046875,0.10740603716386624,1.045,0.9072687402430022
1,0.0829697265625,0.10871610497959165,1.094,1.060751117656622
1,0.084148388671875,0.11017866270010543,1.052,1.030564302451337
1,0.0843080078125,0.10981806034255638,1.1280000000000001,0.9164351948112492
1,0.08319409179687501,0.10853664988959488,0.9670000000000001,0.8935671532086928
1,0.08433745117187501,0.10969872878196792,0.981,0.8486574602590657
1,0.084134423828125,0.11020168498120776,1.013,0.9063512150340021
1,0.08273291015624999,0.10840942846231306,1.17,1.0126761241968207
1,0.083304931640625,0.10875097696982489,1.0030000000000001,0.832382817194703
1,0.083894189453125,0.10944368214859199,0.976,0.8226663722894187
1,0.08458374023437501,0.11020072722462237,1.0230000000000001,0.8273301046767609
1,0.084378759765625,0.11005897582780104,1.142,0.9088525634526521
1,0.08447177734375,0.11047037780701947,1.1179999999999999,0.8800067254017039
1,0.0849138671875,0.11106613412551834,1.128,0.9103188476473094
1,0.08580830078125,0.11179252158915924,1.018,0.7821177360607572
1,0.086527783203125,0.11376583439958977,1.275,1.0525077600426584
1,0.084733984375,0.11120202791145298,1.162,1.0037087771263522
1,0.08602778320312501,0.11277862815009007,1.091,0.9866371510161294
1,0.10157714843750001,0.13758972412980983,1.27,1.4340807064842025
1,0.10178813476562501,0.13714496765158554,1.3199999999999998,1.4277365827989597
1,0.10005000000000001,0.13581586698720016,1.428,1.5253678310169114
1,0.10488154296875,0.141271784510056,1.338,1.3180243004515324
1,0.101999755859375,0.13923005978867162,1.37,1.6541833883366026
1,0.104758544921875,0.1414760484750535,1.292,1.3526310858658794
1,0.10702290039062501,0.14544415613965797,1.5070000000000001,1.4379920350952462
1,0.10451533203125,0.14225630055719068,1.304,1.4857916003122558
1,0.10830771484374999,0.14847332092298565,1.3639999999999999,1.6212744292805032
1,0.10715629882812498,0.14732893084374551,1.3940000000000001,1.7901524761320955
1,0.10998496093749999,0.15019298536071019,1.391,1.604501405928648
1,0.10994921875000001,0.15234833064324318,1.44,1.8112709395100888
1,0.114418701171875,0.15796136149588336,1.5550000000000002,1.7398433612694593
1,0.11166362304687501,0.15641771767765242,1.56,2.043003855422814
1,0.11485039062499999,0.15854567219996843,1.514,1.7222144144207405
1,0.1169396484375,0.16184255628512034,1.4140000000000001,1.6780698803653467
1,0.11675693359374999,0.16323885277464278,1.584,2.0147890195042253
1,0.11630244140624998,0.161164936383518,1.673,1.797566551405458
1,0.116789990234375,0.16384683626947907,1.4969999999999999,1.9389616056842733
1,0.11826840820312501,0.16412653043382763,1.487,1.7150538029522142
1,0.11790263671874998,0.16521983229855366,1.5350000000000001,1.9828216546950328
1,0.118561865234375,0.16664426319320277,1.724,2.070871004476122
1,0.11900205078125,0.16765329059812437,1.604,2.181972050930778
1,0.118333447265625,0.1664857246490363,1.682,2.246652075464767
1,0.11680659179687503,0.1642119678502848,1.572,2.048758309317642
1,0.1219736328125,0.1702728601642998,1.516,1.7639682780390604
1,0.12400205078125,0.17362018243124677,1.694,1.9486580019141284
1,0.12353183593749999,0.17297847521185855,1.499,1.8538147939928216
1,0.12380927734375,0.17328314036185247,1.665,1.9501769099867907
1,0.120623779296875,0.16847142904928453,1.591,1.923412204252612
1,0.117393603515625,0.1629063913824323,1.48,1.854188484898926
1,0.11564736328124998,0.16105276379906622,1.404,1.866960290933977
1,0.11735805664062501,0.1632414843994758,1.509,1.885574563629949
1,0.11813056640625001,0.1655558700364189,1.506,2.042238958693524
1,0.1221724609375,0.17136904456029367,1.558,1.9705789740506274
1,0.11730126953125,0.16158327495781782,1.5259999999999998,1.6569415578388549
1,0.11561171875000001,0.16047503524755521,1.557,1.9853903021851318
1,0.11779438476562501,0.162632404168626,1.5550000000000002,1.7371857208364903
1,0.11536352539062503,0.15965523251698166,1.587,1.9300105775150938
1,0.12012749023437501,0.16522781011546256,1.506,1.6979109469031748
1,0.11886562499999997,0.16351984655074325,1.478,1.797294405900856
1,0.11673330078125002,0.1617988276209282,1.447,1.8622805302434573
1,0.116298779296875,0.16013174127715765,1.5990000000000002,1.8024402637382266
1,0.111422607421875,0.153615046815428,1.553,1.9897856647817393
1,0.110108203125,0.15116738632709387,1.521,1.9097440860459338
1,0.10920205078124998,0.14980795366995223,1.591,2.010027807180683
1,0.10897861328124998,0.1493264383586212,1.6429999999999998,1.8515875312725703
1,0.10961064453125,0.1498007290054314,1.572,1.824710659518746
1,0.10869150390625001,0.14984583978526272,1.572,2.1437787973431313
1,0.118757080078125,0.1671725164372373,1.689,2.348869356891683
1,0.121940087890625,0.16998675236189367,1.724,2.207939092072202
1,0.11608623046875,0.16034146911557112,1.7970000000000002,2.159949000136546
1,0.11480878906249999,0.15941694796215167,1.668,2.3122078844081697
1,0.1159603515625,0.1593916250699241,1.624,1.9357105328770965
1,0.11242939453125,0.15435227513627575,1.5699999999999998,2.0163595484224404
1,0.10986069335937501,0.15020805134514342,1.499,1.9590216132875478
1,0.11151494140625,0.1537774429566012,1.7349999999999999,2.3246693265761538
1,0.11318486328124999,0.15557643493010215,1.584,2.1431939239028566
1,0.110352197265625,0.15188246573407468,1.714,2.4133470314032275
1,0.10866728515625002,0.1502286335031333,1.565,2.7027362077148753
1,0.11058623046874998,0.1519661055489604,1.558,2.34280981199709
1,0.11285024414062501,0.1554396239696517,1.795,2.4550896454244606
1,0.11329594726562502,0.15591505308926573,1.5030000000000001,2.2415569799395962
1,0.112400048828125,0.15532462366813893,1.8279999999999998,2.617530006241532
1,0.11148632812499999,0.1544374055399465,1.684,2.7844231394321968
1,0.11250151367187503,0.1553431436876487,1.643,2.61616408241109
1,0.11693305664062499,0.16365609098503572,1.763,2.826460757283755
1,0.1123408203125,0.15623672911584047,1.787,2.986025426473298
1,0.10555654296874999,0.14536958588874374,1.609,2.500774861310396
1,0.1012486328125,0.1357431755092402,1.462,1.8574887282894075
1,0.09898886718750001,0.1319426623658594,1.411,1.7284183537364086
1,0.09555849609375,0.1255676200185105,1.2229999999999999,1.1700207117382746
1,0.094820947265625,0.12248546571136198,1.291,0.7577765261606118
1,0.09397739257812501,0.12192769830785848,1.123,0.8535628017026946
1,0.092085791015625,0.11885393140850917,1.115,0.7442252875255817
1,0.09362001953125001,0.12121389575259688,1.123,0.7446591645433762
1,0.093138134765625,0.12018218906071816,1.194,0.6216526602009442
1,0.093400048828125,0.12070150076730957,1.184,0.6546762590964943
1,0.097409765625,0.12600556940137403,1.13,0.6512671864651218
1,0.099352001953125,0.12888161865198483,1.2970000000000002,0.7079267107692919
1,0.10904204101562501,0.14385861794654656,1.3479999999999999,0.8912405209916154
1,0.11511635742187501,0.15304429884762435,1.294,0.9429930692778719
1,0.12250400390625,0.16622874011913663,1.611,1.348028731376786
1,0.129758837890625,0.1754459881970362,1.48,1.1832916895998533
1,0.13361337890625,0.18284163193021774,1.78,1.385662486057388
1,0.13430195312499998,0.18303868906251922,1.47,1.2336770503160857
1,0.13458745117187498,0.18432173859087536,1.5030000000000001,1.303366189780892
1,0.1297296875,0.17368301738312125,1.4969999999999999,1.0203749635404202
1,0.12410439453125002,0.16509484457377738,1.396,1.067268555058079
1,0.129417919921875,0.17317115194605304,1.492,1.146197452969874
1,0.13103740234375,0.17768744935036662,1.6920000000000002,1.3526061061171655
1,0.13031586914062498,0.17654433227019936,1.552,1.339958487414516
1,0.140650537109375,0.19302381537633706,1.772,1.830056361432022
1,0.132387646484375,0.17690343055438598,1.385,1.3679778747043585
1,0.12703950195312502,0.17101263275999437,1.5950000000000002,1.6965917277658908
1,0.13002495117187501,0.175142612161416,1.6360000000000001,1.7447864206890555
1,0.125172607421875,0.16992461501297912,1.8330000000000002,2.255060008475886
1,0.12989443359375002,0.17551363500941672,1.746,2.0630298792829587
1,0.12622548828125,0.16958180403735776,1.621,2.1145702826278567
1,0.135438134765625,0.18458911955411558,1.762,2.410826161644821
1,0.1335451171875,0.17964441557498373,1.8090000000000002,2.0081460484581886
1,0.1299353515625,0.1715594336098162,1.7429999999999999,1.3135115993832214
1,0.12925444335937503,0.16923512047254155,1.658,1.0764268059592403
1,0.12223886718750002,0.15795255776795086,1.4020000000000001,0.7112063302087432
1,0.1161171875,0.15092203452922043,1.3599999999999999,0.8786514148313511
1,0.122882763671875,0.1583219969911073,1.343,0.5093037113259804
1,0.13251162109374998,0.17049299206399,1.4089999999999998,0.35985567966639387
1,0.130182421875,0.16769343691737604,1.35,0.39780194254189194
1,0.138483837890625,0.17960562885188433,1.674,0.5302426757931595
1,0.14576650390624998,0.19203544127248395,1.782,0.7571049470480635
1,0.15187685546875002,0.19998656091169748,1.701,0.8609358829813223
1,0.165063720703125,0.22445169715982735,1.9939999999999998,1.4313680652798766
1,0.1890802734375,0.2659238102180243,2.38,2.188355898835968
1,0.14993154296875,0.20114734985176033,2.033,1.8162248042569438
1,0.14828041992187502,0.1968945543969747,1.865,1.4284091908193126
1,0.148379736328125,0.19559009497414873,1.787,1.1907125645598278
1,0.12903251953125,0.1664643677693139,1.433,0.7069339010890476
1,0.12587851562500002,0.16238247631498678,1.4820000000000002,0.8365146408675299
1,0.131931640625,0.17005873902746138,1.541,0.8079763666608222
1,0.12967060546875,0.16306470852427626,1.416,0.23859552164660824
1,0.151886572265625,0.19798261368397457,1.6429999999999998,0.6918752464391398
1,0.1458556640625,0.18846554449620162,1.589,0.6431576445294054
1,0.160890673828125,0.21543143790125996,2.073,1.4587115959458012
1,0.14288583984375,0.18384188836827614,1.7309999999999999,0.8855776669293616
1,0.12944736328125,0.16386712604147086,1.4209999999999998,0.26447976532175055
1,0.12358002929687499,0.15830738757848012,1.343,0.3269080575747445
1,0.12453740234375002,0.1611921610636869,1.362,0.5962783117213477
1,0.139822265625,0.18293026703501983,1.5870000000000002,0.9118408191974585
1,0.160893017578125,0.21441788300098122,1.992,1.374046176080066
1,0.17740561523437498,0.23727929075269952,2.377,1.2521377158068754
1,0.15332763671875,0.19875337356945538,1.452,0.3930067403957853
1,0.17944443359375,0.2361333975837167,1.799,0.6124751846308487
1,0.15561723632812502,0.20297935560138036,1.587,0.5611380194014495
1,0.171794287109375,0.22103687038934378,1.814,0.4655669752736662
1,0.16294912109374998,0.2072049313492078,1.489,0.16874461540068753
1,0.197246923828125,0.26151912875066796,2.058,0.819911092895623
1,0.15503696289062502,0.20161989934794045,1.538,0.5009320077403623
1,0.17242504882812498,0.2228926784548936,1.9529999999999998,0.5709460275133078
1,0.20412456054687503,0.2592280876459518,2.368,0.16828137278919275
1,0.183015478515625,0.2316572573260826,1.948,0.2930961828855869
1,0.182318603515625,0.23456853716290413,1.9949999999999999,0.4463146708758181
1,0.19475849609375,0.24749552770400188,1.936,0.16235307119876863
1,0.230137744140625,0.2971874369131276,2.271,0.4668719209344352
1,0.228025830078125,0.29164454659343636,2.192,0.17370458548626067
1,0.2803884765625,0.34373452753480926,2.385,-0.26454133607088526
1,0.2539470703125,0.31480520089341657,2.1109999999999998,-0.25887405123123797
1,0.255130078125,0.32571497152163553,3.9399999999999995,1.5961439154093577
1,0.2693306640625,0.3530770677965697,4.556,2.2372547302258763
1,0.294223779296875,0.4296731920202357,6.609,6.0228666429516124
1,0.29984995117187496,0.4155634455432109,4.8,2.7108349028301975
1,0.24854594726562498,0.37167402599332755,6.689,8.78736473241632
1,0.329175048828125,0.44766612783039755,5.193,3.161553346450286
1,0.416709765625,0.6721289437226655,9.998000000000001,14.110009232265156
1,0.35193598632812495,0.5309298963726813,8.347000000000001,9.796460845214698
1,0.338250439453125,0.4459067523416139,5.869,1.624277812551865
1,0.301368017578125,0.386974659780703,3.894,0.46885747700291747
1,0.453317626953125,0.724996245861816,9.998000000000001,12.577704574521317
1,0.33757451171874997,0.4619898811734555,5.569,3.759971680444238
1,0.351094482421875,0.4838323979711101,7.197,4.891755233183495
1,0.0018568359375000002,0.000987327985630153,0.005,3.6375126385863172
1,0.001168408203125,0.0009995548103707943,0.007,-1.60977403546715
